#{"t_start": 1763052443.3852305, "env_id": "GridWorld-v3"}
r,l,t
-11.5,100,1.208383
-88.5,100,1.354208
-94.5,100,1.499214
-87.0,100,1.64016
-21.5,100,1.714369
-0.5,12,1.723876
-28.5,100,1.867704
-94.0,100,2.006875
-87.5,100,2.149838
-78.0,100,2.330412
-34.0,100,2.435338
-83.5,100,2.645998
-72.0,100,2.815578
-50.5,100,2.964446
10.0,23,2.985439
-77.5,100,3.143369
-128.5,100,3.237593
-67.0,100,3.383413
-4.0,87,3.526964
-96.5,100,3.669616
-11.5,100,3.813435
-122.5,100,3.8927
-100.0,100,4.040038
-138.0,100,4.181492
-115.0,100,4.328964
-64.0,100,4.443346
-17.5,100,4.643557
-33.5,100,4.810154
-99.5,100,4.974286
16.0,100,5.120954
-94.0,100,5.201266
48.5,100,5.363444
-61.5,100,5.51947
-78.0,100,5.664095
109.0,100,5.747652
-6.5,100,5.896849
-72.5,100,6.035148
-94.0,100,6.192262
-94.5,100,6.353477
-89.0,100,6.479527
-89.0,100,6.651847
-89.0,100,6.868678
-72.5,100,7.045315
-100.0,100,7.142854
-61.5,100,7.310279
37.5,100,7.4749
-12.0,100,7.647938
-49.5,100,7.80223
-88.5,100,7.885177
-89.0,100,8.040486
-99.5,100,8.203157
-83.5,100,8.358909
-26.0,48,8.400576
-128.5,100,8.557317
-45.0,100,8.716227
-94.5,100,8.828051
-94.5,100,8.994636
-72.5,100,9.141716
-83.0,100,9.300587
26.5,100,9.472046
-67.0,100,9.555816
37.5,100,9.71898
-100.0,100,9.862956
-89.0,100,10.019398
-89.0,100,10.115478
-17.5,100,10.268484
-72.5,100,10.428208
-94.5,100,10.586447
-104.0,100,10.742757
-67.0,100,10.826865
1.5,15,10.911143
54.0,100,10.996987
-83.5,100,11.168232
-34.0,100,11.338418
-17.5,100,11.512976
-77.5,100,11.608814
-100.0,100,11.76714
-39.0,100,11.922985
10.0,100,12.095423
-94.5,100,12.256059
-76.0,98,12.346003
10.0,100,12.562739
-83.5,100,12.725683
-100.0,100,12.883645
-100.0,100,12.970252
-89.0,100,13.144507
-99.5,100,13.305899
-100.0,100,13.464757
-67.0,100,13.724609
-100.0,100,13.828568
4.5,100,13.977209
-23.0,100,14.140878
-72.5,100,14.288712
-83.5,100,14.370057
-100.0,100,14.543624
-89.0,100,14.703846
-83.5,100,14.879228
-39.5,100,15.059871
-61.5,100,15.159174
-105.0,100,15.335674
2.5,47,15.455353
-100.0,100,15.535383
-17.5,100,15.718306
-88.5,100,15.93167
10.0,100,16.114944
-50.5,100,16.21597
-56.0,100,16.390093
-39.0,100,16.550992
-34.0,100,16.714105
-78.0,100,16.872738
4.5,100,16.949699
-67.0,100,17.105177
-87.5,100,17.261446
28.5,45,17.305833
-23.0,100,17.470468
-50.5,100,17.62518
120.5,100,17.794974
-61.0,100,17.888646
-94.5,100,18.054593
-83.5,100,18.223969
-100.0,100,18.382876
48.5,100,18.475637
-45.0,100,18.63504
-56.0,100,18.788841
-39.5,100,18.966566
15.5,100,19.142265
-12.5,29,19.165872
-94.5,100,19.333417
-34.0,100,19.43781
-50.5,100,19.598243
-11.0,22,19.614959
-50.5,100,19.767653
-17.5,100,19.938967
-67.0,100,20.096869
-17.5,100,20.182722
-33.0,83,20.32636
-72.0,100,20.484876
-50.5,100,20.635666
-109.5,100,20.715362
-34.0,100,20.887435
-50.5,100,21.062487
-39.5,100,21.223326
-88.0,100,21.36823
-72.5,100,21.459591
-72.5,100,21.629246
-77.5,100,21.800067
-89.0,100,21.979191
-50.5,100,22.137721
33.0,72,22.202495
34.5,15,22.213846
-87.5,100,22.366671
-72.5,100,22.589546
-28.5,100,22.747756
-30.0,16,22.761592
-100.0,100,22.845283
-80.0,100,23.01236
-72.0,100,23.194745
-23.0,100,23.353635
-60.0,100,23.52618
0.5,23,23.549397
-66.5,100,23.720691
9.0,68,23.778912
-36.0,22,23.796595
54.5,100,23.964957
-130.0,100,24.141493
-56.0,100,24.301794
-34.0,100,24.391031
67.0,77,24.536882
15.5,100,24.696845
-75.0,100,24.851892
12.0,43,24.8863
23.5,15,24.899486
-87.5,100,25.084786
-22.0,100,25.279876
-50.5,100,25.373038
-83.5,100,25.562859
-56.5,74,25.721378
10.0,100,25.814199
-34.0,100,25.974861
48.5,40,26.100944
-78.0,100,26.200937
5.5,100,26.361443
42.0,30,26.388826
-165.0,100,26.559756
-34.0,100,26.724002
101.0,99,26.889989
-72.5,100,26.988114
28.0,100,27.172951
-19.5,58,27.320788
-48.5,100,27.415385
-89.0,100,27.599754
26.5,100,27.786416
12.5,37,27.819781
-78.0,100,27.980408
-12.0,100,28.139466
11.0,100,28.322816
21.0,100,28.41453
-12.0,100,28.579955
-100.0,100,28.735204
-17.0,100,28.902031
-38.0,100,29.099717
70.5,100,29.186731
-110.0,100,29.358068
-82.0,100,29.524235
-53.5,100,29.68409
-89.0,100,29.769917
-94.5,100,29.952498
-67.0,100,30.117733
-23.0,100,30.28396
-23.0,100,30.485139
-59.5,100,30.584863
-6.5,100,30.775298
-205.0,100,30.972573
-100.0,100,31.166271
-114.5,100,31.342917
-134.5,100,31.437571
-72.5,100,31.617851
0.5,100,31.790095
-23.0,100,31.977276
-43.5,100,32.071835
-89.0,100,32.249069
-60.5,100,32.445437
-56.0,100,32.699472
-44.0,100,32.87532
4.5,100,32.96654
-89.0,100,33.123921
1.0,100,33.273586
-44.0,99,33.440268
-72.0,100,33.531064
-56.0,100,33.69717
-65.0,100,33.860185
-72.5,100,34.025199
17.5,21,34.053517
-65.5,100,34.202669
-10.0,100,34.402036
99.0,100,34.520048
-65.5,100,34.679078
-35.5,81,34.841652
-17.5,100,34.927061
-66.0,100,35.093573
78.5,26,35.115333
58.5,35,35.213111
-38.5,100,35.375913
10.0,100,35.470655
-17.5,100,35.63587
-45.0,100,35.802833
-103.5,100,35.975383
-83.5,100,36.077862
-17.5,100,36.249721
-53.0,49,36.366714
11.5,100,36.459956
-67.0,100,36.626668
-39.5,100,36.793482
50.5,94,36.951885
-26.0,100,37.060604
37.5,100,37.224812
-44.0,100,37.385111
-60.5,100,37.540368
-1.0,100,37.695247
-78.0,100,37.791765
-39.5,89,37.932357
-26.0,43,37.966543
-100.0,100,38.122739
-61.5,100,38.293488
-50.5,100,38.459422
-34.0,100,38.6263
-1.5,29,38.657332
-17.5,100,38.835015
-50.5,100,39.251807
-21.5,100,39.410498
-33.5,100,39.562671
-67.0,100,39.715839
10.5,95,39.807123
-34.0,100,39.981717
-28.5,100,40.137498
-99.5,100,40.324848
-75.0,100,40.503674
14.0,42,40.541699
-23.0,100,40.701247
43.0,100,40.794567
-28.5,100,40.980793
-1.5,19,41.00033
87.5,28,41.097172
-78.0,100,41.184276
-76.0,100,41.344552
-99.0,100,41.516162
-56.0,100,41.680259
-81.5,100,41.772428
10.5,17,41.857483
-77.5,100,41.953217
16.0,6,41.959484
-23.0,100,42.109004
-105.0,100,42.272986
-94.5,100,42.46065
-115.0,100,42.671611
-56.0,100,42.768757
-72.5,100,42.941313
-17.5,100,43.096932
-25.0,58,43.149813
-61.5,100,43.317388
-23.0,100,43.474123
-83.5,100,43.623807
-77.5,100,43.741996
-65.0,100,43.915478
-12.0,100,44.09194
-23.0,100,44.271771
32.0,100,44.45967
-67.0,100,44.55953
54.0,100,44.7187
-100.0,100,44.900038
-50.0,100,45.0997
-100.0,100,45.270024
-98.0,100,45.356525
-1.0,100,45.505773
-23.0,100,45.661337
257.5,100,45.817564
21.0,100,45.905754
-89.0,100,46.080193
-78.0,100,46.250798
-9.0,53,46.298659
-83.5,100,46.476823
28.0,100,46.668746
-12.0,100,46.838764
-45.0,100,47.015973
22.5,82,47.105679
-98.5,100,47.276323
-83.5,100,47.449889
-83.0,100,47.54438
153.0,100,47.725088
-100.0,100,47.921295
-23.0,100,48.10555
-56.0,100,48.27932
-61.5,100,48.371255
-100.0,100,48.55878
-83.5,100,48.745882
-89.0,100,48.900749
-83.5,100,49.057577
-28.5,100,49.150792
-6.5,100,49.339229
14.5,8,49.347756
-5.0,45,49.463251
-89.0,100,49.547951
-78.0,100,49.706967
29.5,37,49.736938
14.0,20,49.838075
-100.0,100,49.946051
82.5,77,50.085536
-100.0,100,50.251927
-31.5,43,50.287723
55.0,100,50.44399
-9.5,54,50.488014
4.0,62,50.608379
-100.0,100,50.694047
-55.0,100,50.878723
-60.0,100,51.02787
8.5,19,51.045177
-12.0,100,51.206136
37.5,100,51.392599
17.0,33,51.417443
18.5,9,51.426554
-78.0,100,51.58892
14.0,38,51.624444
-100.0,100,51.799937
65.0,100,51.967989
-50.5,100,52.144193
54.0,100,52.235185
17.0,38,52.350557
-45.0,100,52.467951
-44.5,100,52.719734
-45.0,100,52.907879
15.5,12,52.918205
-6.5,100,53.121793
-28.5,97,53.290704
-20.0,21,53.311645
32.5,100,53.488895
-99.0,100,53.591547
-72.5,100,53.764841
15.5,100,53.930307
17.0,67,53.989851
-78.0,100,54.148617
25.0,51,54.271265
-28.5,100,54.355439
-27.5,100,54.535045
-56.0,100,54.695559
-28.5,100,54.853191
70.0,29,54.884459
59.5,100,55.074564
-78.0,100,55.166368
2.5,64,55.287525
-17.5,100,55.465326
-9.0,37,55.498206
-22.5,58,55.547428
-100.0,100,55.70742
-134.5,100,55.879098
73.0,100,56.041965
-76.5,100,56.201663
31.5,18,56.218952
21.5,17,56.232001
-56.0,100,56.388497
-39.5,100,56.476916
-11.0,89,56.62376
-50.5,100,56.792305
-12.5,24,56.810497
45.0,100,56.976233
81.5,100,57.13623
-78.0,100,57.220804
-78.0,100,57.384866
-12.0,100,57.546154
-12.0,100,57.707745
-9.5,38,57.741591
-44.0,100,57.899487
-12.0,56,57.941476
99.0,61,58.058169
21.0,100,58.203385
18.5,9,58.211936
4.5,100,58.297946
-13.5,59,58.417414
23.0,32,58.449649
-83.5,100,58.621042
58.5,30,58.654409
5.5,94,58.810861
-39.5,100,58.967667
-188.0,100,59.067779
-12.0,100,59.238557
-1.0,100,59.407249
-45.0,100,59.578836
-50.5,100,59.735501
7.0,32,59.769764
-36.5,53,59.815936
69.0,66,59.932874
13.0,26,59.954472
1.5,15,59.966037
37.5,100,60.116265
-8.5,25,60.139177
49.5,77,60.269712
-93.5,100,60.353373
-2.0,85,60.49018
73.0,87,60.637543
49.0,100,60.808728
-28.5,100,60.888054
109.0,100,61.05969
-133.0,100,61.255702
21.0,100,61.421057
21.0,100,61.507874
14.5,74,61.666637
0.0,100,61.841702
-100.0,100,62.016783
12.0,10,62.025522
6.0,6,62.031534
56.5,54,62.073337
-50.5,100,62.236169
-94.5,100,62.477354
-72.5,100,62.629856
-87.0,100,62.823966
-38.0,100,63.026252
-1.0,100,63.215946
-27.0,39,63.259426
-83.5,100,63.445627
-23.0,100,63.619861
15.5,100,63.724683
12.0,10,63.826715
-16.5,100,63.919747
-44.0,100,64.104017
-12.0,100,64.288026
37.5,100,64.576427
139.0,87,64.692349
-4.5,32,64.825642
67.0,60,64.897028
3.5,14,64.913374
62.0,100,65.103595
59.5,100,65.260343
-56.0,100,65.427115
37.5,100,65.510461
-67.0,100,65.662971
16.0,6,65.668215
-18.0,48,65.771589
-54.0,100,65.87552
1.5,10,65.88725
-1.5,8,65.896506
21.5,50,66.016074
-11.0,39,66.046758
57.0,31,66.07264
-45.0,100,66.219368
17.0,18,66.23876
-53.5,100,66.390912
7.0,100,66.544996
-200.0,85,66.679857
-37.5,55,66.725226
-20.5,100,66.878383
33.5,16,66.892754
17.5,100,67.053607
33.5,60,67.10292
-37.0,100,67.262909
43.5,100,67.417229
109.0,100,67.514963
16.5,100,67.665443
32.0,35,67.758418
-3.5,33,67.78873
10.0,100,67.990193
1.5,83,68.072808
-34.5,32,68.105579
21.0,100,68.272734
-39.5,100,68.467364
-4.0,32,68.494557
-17.5,100,68.644676
26.5,100,68.814013
-6.5,100,68.976929
-8.5,31,69.005394
-21.5,78,69.069717
33.0,18,69.157527
-2.0,21,69.175074
49.0,39,69.206664
18.5,20,69.222227
-22.0,100,69.368535
76.0,100,69.530225
9.0,13,69.542784
11.0,6,69.547937
19.5,30,69.574353
59.5,65,69.699517
-39.5,100,69.776198
31.0,46,69.891048
70.5,100,70.071475
21.0,94,70.153418
10.0,100,70.309731
153.0,100,70.463229
-17.5,100,70.617611
-26.0,55,70.664664
10.5,50,70.775888
-50.5,100,70.860462
25.5,13,70.870899
43.0,100,71.024037
35.0,42,71.061554
-23.0,100,71.221539
79.0,64,71.344454
26.5,12,71.35486
10.0,100,71.502013
-1.0,100,71.592506
6.5,40,71.729823
-25.0,53,71.792014
17.5,10,71.801905
-13.5,43,71.912123
10.0,56,71.963433
35.0,86,72.109492
17.5,100,72.202621
10.0,100,72.363765
1.5,5,72.36828
97.0,74,72.570938
-1.0,100,72.743044
105.0,100,72.826832
59.0,52,72.937681
15.5,100,73.086539
78.5,100,73.172395
-35.0,63,73.299447
89.0,100,73.44687
70.5,100,73.537393
4.0,51,73.6535
31.0,20,73.672185
-6.0,100,73.836985
20.0,13,73.847996
21.0,40,73.876732
-19.0,80,74.011115
21.0,100,74.166534
-12.0,100,74.261861
-61.5,100,74.412768
42.5,18,74.434699
21.0,100,74.594795
104.0,100,74.752498
178.0,53,74.797335
38.5,50,74.91071
191.5,100,75.009708
61.0,100,75.17831
36.0,20,75.197457
40.5,31,75.309853
-61.5,100,75.394307
-12.0,100,75.547867
33.0,100,75.698392
87.0,100,75.880153
15.0,7,75.887372
76.0,100,76.055825
92.5,100,76.136486
114.5,100,76.303118
43.5,100,76.458855
66.0,28,76.484368
28.5,21,76.501749
70.5,100,76.66157
48.5,100,76.813823
10.5,6,76.817342
10.5,28,76.841963
54.5,67,76.975951
14.0,30,77.002444
16.0,17,77.016587
70.5,100,77.170034
20.5,40,77.47321
-78.0,100,77.623066
20.0,35,77.663062
7.5,54,77.78831
25.5,13,77.799378
131.5,100,77.895126
39.0,49,78.018583
89.0,76,78.093727
21.0,23,78.201461
10.0,23,78.221895
159.0,100,78.400368
62.0,37,78.439346
450.0,100,78.601734
31.0,24,78.621907
125.5,100,78.801759
48.0,51,78.848029
208.0,100,79.022401
93.5,100,79.197571
116.0,100,79.287995
-28.5,100,79.45777
6.0,5,79.462999
0.5,6,79.470456
186.0,100,79.652482
97.5,74,79.807547
101.5,64,79.862617
49.0,12,79.868712
2.5,14,79.887276
121.0,88,80.067791
197.0,100,80.235485
120.0,100,80.410948
49.0,61,80.474437
60.5,100,80.65914
180.5,100,80.816607
39.0,55,80.866846
37.5,23,80.899667
35.0,20,80.918583
38.0,100,81.102233
4.5,100,81.247926
153.0,100,81.410088
6.5,10,81.417518
37.5,100,81.614813
54.5,74,81.694564
-132.0,100,81.870998
34.0,49,81.914838
-6.0,100,82.101917
47.5,46,82.14646
54.5,100,82.31219
96.5,96,82.492406
37.5,100,82.742227
71.0,61,82.801035
20.5,47,82.923015
112.0,76,82.990095
16.0,6,82.996608
56.0,38,83.10868
19.5,8,83.11681
21.0,100,83.203204
25.0,25,83.294107
25.5,52,83.339375
18.5,9,83.347118
147.5,100,83.505363
19.0,25,83.519935
143.0,100,83.707494
54.5,23,83.716503
20.5,7,83.730739
32.0,100,83.8918
142.0,100,84.049186
142.0,100,84.154156
34.0,23,84.257822
20.0,13,84.27041
-0.5,7,84.277417
-3.5,37,84.31538
20.5,18,84.322891
25.5,24,84.353103
7.5,4,84.357673
87.0,100,84.51786
30.5,19,84.544949
96.0,91,84.716635
22.5,11,84.729241
35.5,14,84.74244
48.0,51,84.865088
57.5,45,84.902781
15.0,13,84.912907
2.5,14,84.920087
12.5,4,84.920087
-65.0,100,85.105588
7.5,4,85.109119
-94.5,100,85.287499
13.5,9,85.296005
36.0,30,85.316499
103.5,100,85.477655
-12.0,100,85.637564
4.5,100,85.724557
78.0,54,85.860944
109.0,100,86.020255
175.0,100,86.115959
21.0,100,86.292345
86.5,59,86.416871
70.5,100,86.505646
165.0,100,86.663647
37.5,100,86.877298
10.0,1,86.879306
24.0,20,86.900296
-83.5,100,87.061689
127.5,83,87.239961
224.5,100,87.329013
21.5,100,87.509258
13.5,56,87.654289
17.0,16,87.668876
-100.0,100,87.838706
27.0,17,87.855519
5.0,6,87.860041
120.0,100,87.95748
450.0,100,88.120969
87.0,100,88.286689
19.5,25,88.312933
65.0,100,88.492585
37.0,18,88.50974
-34.0,100,88.673014
208.0,100,88.849873
-67.0,100,89.022118
45.0,21,89.044774
235.5,100,89.12442
16.5,22,89.213351
8.0,14,89.217317
29.5,20,89.241502
7.5,10,89.2493
0.0,22,89.266429
125.5,100,89.427555
54.0,100,89.581621
22.5,11,89.590787
14.5,24,89.610708
6.5,17,89.616931
38.5,22,89.642933
9.0,2,89.644933
22.5,23,89.664122
54.5,100,89.813176
52.5,59,89.949702
27.5,100,90.100435
450.0,100,90.170508
24.0,100,90.374912
15.5,18,90.390398
77.0,100,90.560949
25.5,65,90.684159
85.0,69,90.747972
-6.5,100,90.902592
21.0,100,91.090841
92.5,100,91.189677
87.0,100,91.35646
76.0,100,91.521811
15.0,7,91.522338
18.0,32,91.555913
4.5,12,91.565729
51.0,28,91.672161
17.0,5,91.674411
120.5,100,91.766853
103.5,100,91.930384
88.0,44,92.049093
147.5,100,92.142037
301.5,100,92.305133
147.5,100,92.480672
76.5,100,92.723575
70.5,100,92.820259
16.5,11,92.911072
34.5,15,92.925375
125.5,100,93.020337
84.5,53,93.160668
8.5,20,93.179738
92.5,100,93.348833
81.5,100,93.52104
94.5,65,93.587676
153.5,100,93.753994
43.5,17,93.768338
18.5,26,93.796605
109.0,100,93.967923
225.0,100,94.148726
125.5,100,94.30827
3.5,19,94.329095
39.0,27,94.354614
114.5,100,94.547456
23.5,10,94.557429
109.0,100,94.766373
19.0,9,94.774978
55.0,56,94.830898
9.0,2,94.833927
27.5,22,94.85987
4.0,40,94.986142
78.0,49,95.03388
44.5,38,95.077047
197.0,100,95.296054
120.0,100,95.472463
136.5,100,95.65545
-0.5,18,95.674245
202.5,100,95.771766
120.0,100,95.955995
-11.5,24,95.97824
16.0,83,96.14673
11.0,6,96.16057
98.0,100,96.37342
93.5,100,96.546363
10.0,18,96.564528
153.0,100,96.760843
-1.5,51,96.817895
109.0,100,97.016663
136.5,100,97.200768
14.5,25,97.226982
23.5,21,97.254631
4.5,7,97.262505
93.0,100,97.430434
9.0,14,97.442054
131.0,100,97.598172
125.5,100,97.684242
136.5,100,97.823828
136.5,100,97.968027
142.0,100,98.184414
89.5,59,98.257112
219.0,100,98.452439
158.5,100,98.607501
7.5,27,98.632043
180.5,100,98.820706
2.5,25,98.8524
50.5,27,98.883681
10.0,100,99.073086
3.5,14,99.089409
224.5,100,99.277607
-67.0,100,99.460042
-12.0,100,99.555302
16.0,100,99.765359
274.0,100,99.941498
98.0,100,100.133339
10.0,100,100.312039
46.5,25,100.342128
48.5,100,100.524062
76.0,29,100.551777
115.5,100,100.724035
48.5,100,100.81495
38.5,22,100.836624
49.0,100,101.028828
27.0,100,101.185979
209.0,77,101.324094
64.5,29,101.349898
115.5,100,101.530695
-78.0,100,101.618655
39.5,21,101.714239
109.0,100,101.802548
17.0,45,101.910003
-100.0,100,102.063517
197.0,100,102.150873
76.0,100,102.309062
109.0,100,102.479419
65.0,100,102.698529
103.5,100,102.786924
36.0,19,102.867643
71.0,100,102.95566
18.5,15,102.967607
36.5,19,103.062683
164.0,100,103.152839
12.5,10,103.160882
137.0,100,103.314649
57.5,31,103.415175
136.5,100,103.495146
439.0,100,103.667841
109.0,100,103.825454
318.0,100,104.00255
63.5,74,104.06185
-8.5,16,104.073175
65.0,100,104.216609
109.0,100,104.385636
-100.0,100,104.565489
19.0,25,104.585535
81.5,100,104.758895
-83.5,100,104.856749
64.5,52,104.966969
235.5,100,105.14725
4.5,100,105.24293
290.5,100,105.399307
117.5,75,105.536438
131.0,100,105.724094
13.0,4,105.730257
20.5,100,105.817018
14.0,8,105.82453
11.0,11,105.905555
231.5,100,105.995256
34.0,28,106.086337
37.5,24,106.106408
32.5,17,106.1216
30.0,31,106.148329
36.0,47,106.190624
111.5,82,106.326286
-67.0,100,106.487432
110.0,100,106.66933
54.0,100,106.761003
12.5,15,106.841112
17.5,27,106.863726
98.0,100,107.027171
33.5,49,107.068747
92.5,100,107.231074
48.5,100,107.328407
120.5,100,107.495402
39.0,22,107.512898
164.0,100,107.683676
87.5,100,107.881911
263.0,100,108.050032
131.5,100,108.21333
56.0,43,108.251824
-1.5,14,108.265126
125.5,100,108.431207
98.0,100,108.588151
41.5,65,108.64792
23.5,27,108.673868
48.5,59,108.812207
191.5,100,109.00556
186.0,100,109.123015
169.5,100,109.287355
37.5,100,109.467334
254.0,99,109.624132
25.0,27,109.647776
93.0,83,109.801004
202.0,97,109.905157
18.5,9,109.912714
120.0,100,110.076056
121.0,88,110.219824
76.5,39,110.253017
107.5,41,110.285726
186.0,100,110.449739
-23.0,100,110.615631
3.0,10,110.623706
48.0,20,110.645986
362.0,100,110.820431
208.5,100,110.998223
169.5,100,111.178459
31.0,25,111.203333
87.0,100,111.380888
109.0,100,111.500621
13.0,9,111.509179
43.0,100,111.707757
131.5,100,111.904045
164.0,100,112.121523
2.5,9,112.137947
345.5,100,112.357965
450.0,100,112.46774
-100.0,100,112.719345
73.5,20,112.736467
-94.5,100,112.908898
175.0,100,113.087699
22.0,100,113.253165
26.5,19,113.269341
54.0,100,113.438966
169.5,100,113.541289
433.5,100,113.712564
18.0,10,113.721793
69.5,42,113.827289
29.0,27,113.853083
147.5,100,114.037978
5.0,1,114.038977
7.5,9,114.049562
35.0,20,114.07141
5.5,12,114.083562
-12.0,100,114.24611
103.5,100,114.323039
48.5,100,114.478602
19.0,14,114.495602
42.0,54,114.614222
1.0,100,114.766216
-78.0,100,114.855314
-23.0,100,115.027375
131.0,100,115.221159
34.5,26,115.245591
36.0,31,115.272479
120.0,40,115.385485
87.0,100,115.481077
98.5,100,115.641198
142.0,100,115.793121
98.0,100,115.950729
20.5,7,115.958526
351.0,100,116.13378
230.0,100,116.224371
131.0,100,116.381334
131.5,100,116.531413
12.5,10,116.540938
158.5,100,116.91965
4.0,7,116.925664
120.0,100,117.095917
263.0,100,117.184828
164.5,100,117.331315
65.0,100,117.49185
153.0,100,117.648586
219.0,100,117.813492
4.5,7,117.818537
87.5,40,117.85752
202.5,100,118.012291
11.5,5,118.012291
98.0,34,118.043332
20.5,13,118.054335
103.5,100,118.217781
-21.0,37,118.251398
125.5,100,118.451652
30.5,8,118.458691
180.5,100,118.621917
-34.0,100,118.771611
94.0,100,118.853611
-12.5,46,118.962584
230.0,100,119.042124
207.0,74,119.181783
103.5,100,119.351319
76.5,100,119.494542
14.5,20,119.510592
224.5,100,119.657567
89.5,44,119.69333
27.0,51,119.741535
208.0,100,119.928339
59.5,100,120.093828
76.0,100,120.240633
197.5,100,120.343039
-6.0,100,120.497644
2.5,15,120.512382
71.0,100,120.687006
186.0,100,120.857431
-195.0,100,121.021225
101.5,75,121.088001
198.0,100,121.275021
81.5,100,121.440367
191.5,100,121.6074
164.0,100,121.700041
131.0,100,121.875651
13.5,3,121.879138
378.5,100,122.051987
120.0,100,122.217201
103.5,100,122.387819
80.5,81,122.461393
38.5,17,122.482157
186.0,100,122.70942
5.0,1,122.71142
-0.5,20,122.729204
71.5,55,122.859907
120.0,100,122.951737
3.5,8,123.028949
50.5,100,123.112983
21.0,12,123.12149
103.5,100,123.290411
246.5,100,123.461632
21.5,12,123.479698
224.5,100,123.643284
318.0,100,123.812674
41.5,19,123.832491
182.5,94,124.026397
147.5,100,124.128478
10.5,24,124.15072
153.0,100,124.321883
-18.0,29,124.346845
-12.5,21,124.479233
132.0,100,124.641608
263.0,100,124.805239
59.5,100,124.98275
92.5,100,125.193171
241.0,100,125.382862
131.0,100,125.480198
32.0,100,125.65478
87.0,100,125.816434
95.5,86,125.964492
-5.5,13,125.974998
103.0,46,126.018924
43.0,100,126.209357
186.0,100,126.372464
20.5,7,126.380067
-105.0,100,126.482662
4.5,7,126.4897
208.0,100,126.685656
-1.5,18,126.706773
5.0,12,126.719345
-100.0,100,126.896815
114.5,100,127.065698
24.0,21,127.087643
147.5,100,127.268647
125.5,100,127.43842
175.0,100,127.647467
147.5,100,127.787511
-94.5,100,128.047482
29.5,21,128.070272
103.5,100,128.283453
76.0,100,128.469418
19.5,8,128.479723
85.0,25,128.522663
98.0,100,128.738804
43.0,100,128.921676
230.0,100,129.009713
125.5,100,129.169297
136.5,100,129.333316
142.0,100,129.494853
133.5,100,129.661107
126.0,100,129.750349
400.5,100,129.901704
219.0,100,130.064065
76.0,100,130.23661
164.0,100,130.340507
19.5,14,130.427358
103.5,100,130.521532
147.5,100,130.680873
3.0,14,130.694074
167.0,87,130.855523
8.0,15,130.870114
153.0,100,131.037928
50.0,100,131.207827
-100.0,100,131.295421
125.5,100,131.4557
26.5,18,131.473897
6.5,16,131.490113
169.5,100,131.665837
75.5,29,131.693321
91.0,52,131.813359
-17.5,100,131.973547
147.5,100,132.065507
114.5,100,132.242639
127.0,100,132.422869
8.5,8,132.430924
147.5,100,132.67259
129.5,53,132.725129
48.0,18,132.742919
131.0,100,132.921712
203.0,100,133.105443
76.0,100,133.283648
-88.5,100,133.462662
125.5,100,133.552556
-61.5,100,133.726269
86.0,52,133.776541
-5.5,7,133.861915
131.0,100,133.966603
159.0,100,134.145578
142.0,100,134.313074
36.5,48,134.362361
-1.0,13,134.37287
103.5,100,134.55863
236.0,100,134.719502
197.0,100,134.888697
21.5,12,134.901942
186.0,100,135.096547
-67.0,100,135.190542
48.5,100,135.359599
-4.0,43,135.399781
126.5,100,135.563482
-99.5,100,135.724679
30.0,15,135.737492
27.0,23,135.757848
20.5,19,135.775645
44.5,38,135.89858
33.5,100,136.065232
164.0,100,136.152536
169.5,100,136.320165
-67.0,100,136.485047
208.0,100,136.675604
-100.0,100,136.763207
296.0,100,136.950215
103.5,100,137.150328
131.0,100,137.345177
28.0,5,137.349677
241.0,100,137.523026
92.5,100,137.607823
263.0,100,137.767064
-128.0,100,137.940232
92.5,100,138.128566
142.0,100,138.307895
153.0,100,138.408004
197.0,100,138.581105
131.0,100,138.760958
76.0,45,138.802448
136.5,100,138.969831
136.5,100,139.146913
301.5,100,139.322523
131.0,100,139.421042
35.5,14,139.43502
202.5,100,139.59571
235.5,100,139.762458
252.0,100,139.918596
8.0,14,139.933769
153.0,100,140.107761
19.0,16,140.12415
24.5,9,140.13309
136.5,100,140.300098
46.5,43,140.335637
164.0,100,140.505059
269.0,100,140.674886
125.5,100,140.774673
191.5,100,140.94804
131.0,100,141.112725
112.0,86,141.279714
164.5,100,141.385306
103.5,100,141.55031
51.5,32,141.576919
9.0,8,141.576919
62.0,55,141.707413
450.0,100,141.870689
70.5,100,141.962473
125.5,100,142.135396
136.5,100,142.302879
55.5,27,142.325859
81.5,100,142.515366
329.0,100,142.768852
125.5,100,142.968961
246.5,100,143.07893
32.5,12,143.090458
55.0,39,143.203755
21.0,40,143.258677
19.5,19,143.280494
147.5,100,143.495522
32.0,91,143.671024
224.5,100,143.766658
74.0,33,143.886979
76.0,100,144.073613
187.0,100,144.181351
142.5,62,144.347109
142.0,100,144.558654
109.0,100,144.662084
37.0,37,144.781485
147.5,100,144.881337
-14.5,40,145.021136
160.5,87,145.118215
85.5,61,145.261054
279.5,100,145.426639
164.0,100,145.524307
128.0,100,145.685303
60.0,100,145.845962
169.5,100,146.012367
125.5,100,146.17389
25.5,13,146.185833
197.0,100,146.316678
-100.0,100,146.484301
257.5,100,146.661067
153.0,100,146.822752
142.0,100,146.979942
175.0,100,147.07639
19.0,65,147.215986
87.0,100,147.387034
61.0,16,147.404119
58.0,20,147.425628
378.5,100,147.600652
296.0,100,147.771959
-100.0,100,147.860869
119.5,62,147.984895
125.5,100,148.146129
-14.0,16,148.161726
11.5,5,148.167252
10.5,12,148.175185
246.5,100,148.342062
164.0,100,148.435774
153.0,100,148.594267
33.0,39,148.631104
164.0,100,148.785131
116.5,82,148.925093
131.0,100,149.082078
224.5,100,149.184909
131.0,100,149.355594
-100.0,100,149.521432
180.5,100,149.694374
384.0,100,149.852063
156.0,64,149.911655
131.5,100,150.065921
-2.0,8,150.073543
115.0,100,150.23497
235.5,100,150.328847
34.0,33,150.433529
164.0,100,150.603518
131.0,100,150.692816
180.5,100,150.847956
158.5,100,151.003343
131.0,100,151.166038
81.5,100,151.261787
54.0,100,151.432128
97.0,59,151.557486
13.0,15,151.570816
12.5,4,151.574331
196.0,91,151.738335
153.0,100,151.825269
224.5,100,151.984979
268.5,100,152.146292
285.0,100,152.315587
170.0,100,152.410274
148.0,100,152.640256
32.5,17,152.658711
164.0,100,152.859827
32.0,100,153.026922
263.0,100,153.185001
48.5,29,153.21509
-219.0,100,153.394988
158.5,100,153.481908
4.5,7,153.560799
9.5,14,153.573478
-67.0,100,153.660525
131.0,100,153.843948
54.5,28,153.874319
7.0,4,153.879478
7.5,4,153.883993
213.5,100,154.059551
186.0,100,154.226752
164.0,100,154.39389
131.0,100,154.57371
-100.0,100,154.6721
263.0,100,154.833243
65.0,100,154.993743
142.0,100,155.163696
7.0,21,155.175854
34.5,100,155.337169
12.5,4,155.343432
21.0,12,155.355446
-1.0,7,155.362625
153.0,100,155.536103
158.5,100,155.660649
36.5,19,155.755806
4.5,12,155.765729
38.5,17,155.782609
213.5,100,155.962758
61.5,61,156.015351
-1.0,2,156.017351
208.0,100,156.461849
